buno,aircraft_type,squadron,pmi_event_id,status,primary_delay_driver,focus_system,critical_nsn,days_in_pmi,projected_days,open_eng_requests,prior_oa_findings,squadron_corr_wiring_score,awp_days_open,zero_balance_hits,eng_queue_age_days,prior_late_pmis,planned_turnaround_days,pct_work_complete,pmi_overrun,true_risk,vehicle_id,vehicle_type,unit,component,overrun_risk,failure_risk,risk_band,recommended_action
168200,MV-22,VMM-261,PMI-MV22-2026-100,AWP hold,AWP,corrosion,1680-01-56189,91.0,116.9,0,1,3.43,18.0,0,0.0,1,90.0,0.928,0,0.4484,168200,MV-22,VMM-261,corrosion,0.3088312017561272,0.3088312017561272,AMBER,Re-plan within 48h — review O&A / AWP / eng queue
168201,MV-22,VMM-263,PMI-MV22-2026-101,AWP hold,AWP,hydraulics,1680-01-89909,98.0,124.0,2,1,3.23,18.0,1,1.0,1,90.0,0.98,0,0.5276,168201,MV-22,VMM-263,hydraulics,0.32198776092685666,0.32198776092685666,AMBER,Re-plan within 48h — review O&A / AWP / eng queue
168202,MV-22,VMM-365,PMI-MV22-2026-102,Final ops,Over-and-above,wiring,1680-01-27517,100.0,148.7,0,4,4.48,12.0,0,0.0,2,90.0,0.98,1,0.8023,168202,MV-22,VMM-365,wiring,0.6809516636009215,0.6809516636009215,RED,Production priority — mitigate primary delay driver now
168203,MV-22,VMM-162,PMI-MV22-2026-103,Eng disposition hold,Engineering,proprotor,1680-01-52259,63.0,149.3,3,2,3.62,0.0,3,8.0,0,100.0,0.659,1,0.6426,168203,MV-22,VMM-162,proprotor,0.5770103726527572,0.5770103726527572,RED,Production priority — mitigate primary delay driver now
168204,MV-22,VMM-266,PMI-MV22-2026-104,Eng disposition hold,Engineering,hydraulics,1680-01-82427,35.0,208.3,2,3,2.91,5.0,1,8.0,2,120.0,0.283,1,0.8857,168204,MV-22,VMM-266,hydraulics,0.8909787950007357,0.8909787950007357,RED,Production priority — mitigate primary delay driver now
168205,MV-22,VMM-764,PMI-MV22-2026-105,AWP hold,AWP,proprotor,1680-01-52440,66.0,158.4,0,0,1.77,12.0,2,0.0,1,130.0,0.525,0,0.3684,168205,MV-22,VMM-764,proprotor,0.12697701322705168,0.12697701322705168,GREEN,Continue PMI plan; monitor drivers at stand-up
168206,MV-22,VMM-261,PMI-MV22-2026-106,In work,Over-and-above,wiring,,47.0,132.5,0,4,3.93,0.0,0,0.0,0,120.0,0.354,0,0.2543,168206,MV-22,VMM-261,wiring,0.3187472178848429,0.3187472178848429,AMBER,Re-plan within 48h — review O&A / AWP / eng queue
168207,MV-22,VMM-263,PMI-MV22-2026-107,Eng disposition hold,Engineering,proprotor,1680-01-34889,19.0,186.4,2,4,5.4,0.0,1,12.0,0,110.0,0.186,1,0.8443,168207,MV-22,VMM-263,proprotor,0.9347929734549097,0.9347929734549097,RED,Production priority — mitigate primary delay driver now
168208,MV-22,VMM-365,PMI-MV22-2026-108,Eng disposition hold,Engineering,structure,1680-01-99648,134.0,194.2,2,4,3.6,18.0,0,20.0,0,110.0,0.98,1,0.9152,168208,MV-22,VMM-365,structure,0.9344523820814241,0.9344523820814241,RED,Production priority — mitigate primary delay driver now
168209,MV-22,VMM-162,PMI-MV22-2026-109,In work,Over-and-above,wiring,1680-01-24514,65.0,120.0,0,1,1.51,2.0,0,0.0,0,120.0,0.578,0,0.0418,168209,MV-22,VMM-162,wiring,0.0764476830438222,0.0764476830438222,GREEN,Continue PMI plan; monitor drivers at stand-up
168210,MV-22,VMM-266,PMI-MV22-2026-110,AWP hold,AWP,corrosion,1680-01-17888,82.0,130.0,1,1,3.1,12.0,0,1.0,0,130.0,0.669,0,0.1491,168210,MV-22,VMM-266,corrosion,0.10240978204999468,0.10240978204999468,GREEN,Continue PMI plan; monitor drivers at stand-up
168211,MV-22,VMM-764,PMI-MV22-2026-111,AWP hold,AWP,corrosion,1680-01-81009,23.0,160.9,0,1,1.21,25.0,1,0.0,1,100.0,0.15,1,0.7591,168211,MV-22,VMM-764,corrosion,0.4784433133244489,0.4784433133244489,AMBER,Re-plan within 48h — review O&A / AWP / eng queue
168212,MV-22,VMM-261,PMI-MV22-2026-112,Eng disposition hold,Engineering,avionics,1680-01-51688,102.0,126.5,3,1,1.89,0.0,1,8.0,0,110.0,0.851,1,0.1772,168212,MV-22,VMM-261,avionics,0.2660391660890107,0.2660391660890107,AMBER,Re-plan within 48h — review O&A / AWP / eng queue
168213,MV-22,VMM-263,PMI-MV22-2026-113,In work,Over-and-above,wiring,1680-01-47422,12.0,199.5,0,4,4.98,0.0,1,0.0,1,130.0,0.05,1,0.6847,168213,MV-22,VMM-263,wiring,0.6342979974921741,0.6342979974921741,RED,Production priority — mitigate primary delay driver now
168214,MV-22,VMM-365,PMI-MV22-2026-114,In work,AWP,structure,1680-01-99070,15.0,120.0,0,0,1.93,0.0,1,0.0,0,120.0,0.234,0,0.0713,168214,MV-22,VMM-365,structure,0.1170376963257256,0.1170376963257256,GREEN,Continue PMI plan; monitor drivers at stand-up
168215,MV-22,VMM-162,PMI-MV22-2026-115,In work,AWP,wiring,1680-01-70400,65.0,126.6,2,1,2.03,0.0,3,1.0,0,110.0,0.642,0,0.3009,168215,MV-22,VMM-162,wiring,0.11740415738842776,0.11740415738842776,GREEN,Continue PMI plan; monitor drivers at stand-up
168216,MV-22,VMM-266,PMI-MV22-2026-116,Eng disposition hold,Engineering,hydraulics,1680-01-42730,65.0,199.2,2,5,2.94,18.0,0,20.0,0,110.0,0.512,1,0.9608,168216,MV-22,VMM-266,hydraulics,0.9735036556399952,0.9735036556399952,RED,Production priority — mitigate primary delay driver now
168217,MV-22,VMM-764,PMI-MV22-2026-117,In work,Over-and-above,drive_system,,11.0,210.9,1,5,4.26,0.0,0,5.0,1,130.0,0.072,1,0.7721,168217,MV-22,VMM-764,drive_system,0.830988602703719,0.830988602703719,RED,Production priority — mitigate primary delay driver now
168218,MV-22,VMM-261,PMI-MV22-2026-118,AWP hold,AWP,hydraulics,1680-01-51402,121.0,163.5,0,2,1.68,25.0,0,0.0,0,130.0,0.98,0,0.4074,168218,MV-22,VMM-261,hydraulics,0.05429359180386712,0.05429359180386712,GREEN,Continue PMI plan; monitor drivers at stand-up
168219,MV-22,VMM-263,PMI-MV22-2026-119,Eng disposition hold,Engineering,corrosion,1680-01-36891,149.0,188.7,3,1,2.76,8.0,1,20.0,0,130.0,0.98,1,0.6018,168219,MV-22,VMM-263,corrosion,0.7297974647177111,0.7297974647177111,RED,Production priority — mitigate primary delay driver now
168220,MV-22,VMM-365,PMI-MV22-2026-120,AWP hold,AWP,proprotor,1680-01-79480,131.0,202.3,0,5,7.39,18.0,3,0.0,2,110.0,0.98,1,0.9889,168220,MV-22,VMM-365,proprotor,0.7841329863156338,0.7841329863156338,RED,Production priority — mitigate primary delay driver now
168221,MV-22,VMM-162,PMI-MV22-2026-121,Final ops,Over-and-above,corrosion,,86.0,124.8,0,5,7.34,0.0,0,0.0,0,100.0,0.949,1,0.3978,168221,MV-22,VMM-162,corrosion,0.45075892240193416,0.45075892240193416,AMBER,Re-plan within 48h — review O&A / AWP / eng queue
168222,MV-22,VMM-266,PMI-MV22-2026-122,Eng disposition hold,Engineering,avionics,1680-01-97463,97.0,143.8,1,3,5.65,0.0,2,12.0,0,90.0,0.98,0,0.7473,168222,MV-22,VMM-266,avionics,0.8275010455637715,0.8275010455637715,RED,Production priority — mitigate primary delay driver now
168223,MV-22,VMM-764,PMI-MV22-2026-123,In work,Over-and-above,structure,,72.0,137.6,0,5,7.19,0.0,0,0.0,0,110.0,0.641,0,0.4011,168223,MV-22,VMM-764,structure,0.5143334114258185,0.5143334114258185,RED,Production priority — mitigate primary delay driver now
168224,MV-22,VMM-261,PMI-MV22-2026-124,Eng disposition hold,Engineering,hydraulics,,110.0,130.0,3,1,1.9,0.0,0,8.0,0,130.0,0.749,0,0.0901,168224,MV-22,VMM-261,hydraulics,0.2003919036430995,0.2003919036430995,AMBER,Re-plan within 48h — review O&A / AWP / eng queue
168225,MV-22,VMM-263,PMI-MV22-2026-125,In work,AWP,hydraulics,1680-01-12237,21.0,181.0,0,1,3.5,5.0,1,0.0,2,130.0,0.135,0,0.5423,168225,MV-22,VMM-263,hydraulics,0.5295600629333954,0.5295600629333954,RED,Production priority — mitigate primary delay driver now
168226,MV-22,VMM-365,PMI-MV22-2026-126,In work,Over-and-above,wiring,1680-01-82391,79.0,167.4,3,4,4.81,0.0,2,1.0,0,110.0,0.732,0,0.6722,168226,MV-22,VMM-365,wiring,0.3212586895412412,0.3212586895412412,AMBER,Re-plan within 48h — review O&A / AWP / eng queue
168227,MV-22,VMM-162,PMI-MV22-2026-127,Eng disposition hold,Engineering,wiring,,68.0,159.9,3,4,6.15,0.0,0,12.0,0,110.0,0.571,1,0.6036,168227,MV-22,VMM-162,wiring,0.8942286121736954,0.8942286121736954,RED,Production priority — mitigate primary delay driver now
168228,MV-22,VMM-266,PMI-MV22-2026-128,Eng disposition hold,Engineering,structure,,135.0,173.2,1,4,4.06,0.0,0,20.0,0,120.0,0.98,1,0.5936,168228,MV-22,VMM-266,structure,0.9006852212685932,0.9006852212685932,RED,Production priority — mitigate primary delay driver now
168229,MV-22,VMM-764,PMI-MV22-2026-129,AWP hold,AWP,proprotor,1680-01-27306,40.0,202.5,0,5,7.7,12.0,3,0.0,2,110.0,0.261,1,0.9912,168229,MV-22,VMM-764,proprotor,0.9312619700229002,0.9312619700229002,RED,Production priority — mitigate primary delay driver now
168230,MV-22,VMM-261,PMI-MV22-2026-130,AWP hold,AWP,hydraulics,1680-01-11903,56.0,149.5,0,1,3.23,8.0,0,0.0,0,130.0,0.411,1,0.1306,168230,MV-22,VMM-261,hydraulics,0.12696353083001355,0.12696353083001355,GREEN,Continue PMI plan; monitor drivers at stand-up
168231,MV-22,VMM-263,PMI-MV22-2026-131,Eng disposition hold,Engineering,wiring,1680-01-88749,17.0,207.2,2,4,5.27,0.0,1,8.0,1,120.0,0.16,1,0.877,168231,MV-22,VMM-263,wiring,0.9118190581884061,0.9118190581884061,RED,Production priority — mitigate primary delay driver now
168232,MV-22,VMM-365,PMI-MV22-2026-132,Final ops,Over-and-above,hydraulics,,124.0,138.0,0,1,5.68,0.0,0,0.0,1,120.0,0.98,1,0.1442,168232,MV-22,VMM-365,hydraulics,0.1886904302000848,0.1886904302000848,GREEN,Continue PMI plan; monitor drivers at stand-up
168233,MV-22,VMM-162,PMI-MV22-2026-133,In work,Over-and-above,corrosion,,49.0,121.7,0,5,6.93,0.0,0,0.0,0,90.0,0.565,0,0.5025,168233,MV-22,VMM-162,corrosion,0.6659696812778925,0.6659696812778925,RED,Production priority — mitigate primary delay driver now
168234,MV-22,VMM-266,PMI-MV22-2026-134,AWP hold,AWP,avionics,1680-01-56279,140.0,176.9,3,1,2.62,18.0,1,5.0,1,130.0,0.98,0,0.5109,168234,MV-22,VMM-266,avionics,0.23230069935896724,0.23230069935896724,AMBER,Re-plan within 48h — review O&A / AWP / eng queue
168235,MV-22,VMM-764,PMI-MV22-2026-135,In work,Over-and-above,proprotor,1680-01-64375,134.0,132.0,0,4,4.91,2.0,0,0.0,0,130.0,0.825,0,0.1653,168235,MV-22,VMM-764,proprotor,0.16355123792681778,0.16355123792681778,GREEN,Continue PMI plan; monitor drivers at stand-up
168236,MV-22,VMM-261,PMI-MV22-2026-136,In work,Over-and-above,structure,1680-01-92470,48.0,100.0,0,1,1.91,2.0,0,0.0,1,100.0,0.549,0,0.1427,168236,MV-22,VMM-261,structure,0.2643104258257086,0.2643104258257086,AMBER,Re-plan within 48h — review O&A / AWP / eng queue
168237,MV-22,VMM-263,PMI-MV22-2026-137,Eng disposition hold,Engineering,proprotor,1680-01-35933,79.0,141.8,3,1,4.39,5.0,1,5.0,0,130.0,0.702,0,0.2405,168237,MV-22,VMM-263,proprotor,0.232190741536442,0.232190741536442,AMBER,Re-plan within 48h — review O&A / AWP / eng queue
168238,MV-22,VMM-365,PMI-MV22-2026-138,AWP hold,AWP,hydraulics,1680-01-94233,87.0,158.4,1,2,2.87,12.0,3,5.0,1,90.0,0.872,1,0.9105,168238,MV-22,VMM-365,hydraulics,0.5838749722364523,0.5838749722364523,RED,Production priority — mitigate primary delay driver now
168239,MV-22,VMM-162,PMI-MV22-2026-139,Eng disposition hold,Engineering,wiring,1680-01-63106,28.0,210.2,3,0,3.31,18.0,1,12.0,2,120.0,0.14,1,0.9019,168239,MV-22,VMM-162,wiring,0.9404764948843768,0.9404764948843768,RED,Production priority — mitigate primary delay driver now
168240,MV-22,VMM-266,PMI-MV22-2026-140,AWP hold,AWP,hydraulics,1680-01-54293,19.0,119.4,2,0,2.23,8.0,1,3.0,1,90.0,0.236,0,0.4764,168240,MV-22,VMM-266,hydraulics,0.5953070278997995,0.5953070278997995,RED,Production priority — mitigate primary delay driver now
168241,MV-22,VMM-764,PMI-MV22-2026-141,In work,Over-and-above,structure,1680-01-28743,78.0,136.2,0,4,2.8,0.0,2,0.0,0,100.0,0.733,0,0.5122,168241,MV-22,VMM-764,structure,0.2341822095988332,0.2341822095988332,AMBER,Re-plan within 48h — review O&A / AWP / eng queue
168242,MV-22,VMM-261,PMI-MV22-2026-142,Eng disposition hold,Engineering,avionics,1680-01-17763,108.0,138.0,2,1,2.58,8.0,0,12.0,0,120.0,0.919,1,0.2568,168242,MV-22,VMM-261,avionics,0.4253544386041213,0.4253544386041213,AMBER,Re-plan within 48h — review O&A / AWP / eng queue
168243,MV-22,VMM-263,PMI-MV22-2026-143,Eng disposition hold,Engineering,wiring,1680-01-68671,90.0,222.7,2,1,4.08,0.0,1,20.0,2,130.0,0.682,1,0.8629,168243,MV-22,VMM-263,wiring,0.9631299299102346,0.9631299299102346,RED,Production priority — mitigate primary delay driver now
168244,MV-22,VMM-365,PMI-MV22-2026-144,Eng disposition hold,Engineering,proprotor,1680-01-59005,10.0,231.3,1,3,4.56,0.0,2,12.0,1,130.0,0.144,1,0.9291,168244,MV-22,VMM-365,proprotor,0.9230192477835749,0.9230192477835749,RED,Production priority — mitigate primary delay driver now
168245,MV-22,VMM-162,PMI-MV22-2026-145,AWP hold,AWP,wiring,1680-01-80315,20.0,138.1,0,1,0.8,25.0,1,0.0,0,90.0,0.094,0,0.6841,168245,MV-22,VMM-162,wiring,0.36289758030018643,0.36289758030018643,AMBER,Re-plan within 48h — review O&A / AWP / eng queue
168246,MV-22,VMM-266,PMI-MV22-2026-146,AWP hold,AWP,structure,1680-01-90732,23.0,181.6,1,0,0.93,18.0,2,12.0,0,110.0,0.05,1,0.8006,168246,MV-22,VMM-266,structure,0.7494628249450399,0.7494628249450399,RED,Production priority — mitigate primary delay driver now
168247,MV-22,VMM-764,PMI-MV22-2026-147,In work,AWP,corrosion,1680-01-10492,14.0,149.5,0,1,2.54,0.0,2,0.0,0,130.0,0.051,1,0.2548,168247,MV-22,VMM-764,corrosion,0.17412028277724373,0.17412028277724373,GREEN,Continue PMI plan; monitor drivers at stand-up
