buno,vehicle_id,component,system,event_type,days_ago,notes,nsn
168200,168200,corrosion,corrosion,disposition_closed,145,Prior disposition closed for similar corrosion condition (145d ago),1680-01-56189
168200,168200,corrosion,corrosion,awp_stoppage,157,Work stoppage AWP — corrosion (157d ago),1680-01-56189
168200,168200,corrosion,corrosion,squadron_discrepancy,237,168200 squadron write-up on corrosion (237d ago),1680-01-56189
168201,168201,hydraulics,hydraulics,awp_stoppage,4,Work stoppage AWP — hydraulics (4d ago),1680-01-89909
168201,168201,hydraulics,hydraulics,squadron_discrepancy,65,168201 squadron write-up on hydraulics (65d ago),1680-01-89909
168201,168201,hydraulics,hydraulics,pmi_inspection,122,PMI inspection complete on hydraulics (122d ago),1680-01-89909
168201,168201,hydraulics,hydraulics,disposition_closed,192,Prior disposition closed for similar hydraulics condition (192d ago),1680-01-89909
168201,168201,hydraulics,hydraulics,squadron_discrepancy,238,168201 squadron write-up on hydraulics (238d ago),1680-01-89909
168201,168201,hydraulics,hydraulics,eng_request,360,Engineering request submitted — condition not in tech data (360d ago),1680-01-89909
168202,168202,wiring,wiring,disposition_closed,149,Prior disposition closed for similar wiring condition (149d ago),1680-01-27517
168202,168202,wiring,wiring,squadron_discrepancy,250,168202 squadron write-up on wiring (250d ago),1680-01-27517
168202,168202,wiring,wiring,oa_finding,287,O&A finding during PMI teardown — wiring (287d ago),1680-01-27517
168202,168202,wiring,wiring,squadron_discrepancy,357,168202 squadron write-up on wiring (357d ago),1680-01-27517
168203,168203,proprotor,proprotor,disposition_closed,81,Prior disposition closed for similar proprotor condition (81d ago),1680-01-52259
168203,168203,proprotor,proprotor,awp_stoppage,120,Work stoppage AWP — proprotor (120d ago),1680-01-52259
168203,168203,proprotor,proprotor,squadron_discrepancy,135,168203 squadron write-up on proprotor (135d ago),1680-01-52259
168203,168203,proprotor,proprotor,parts_requisition,232,Requisition opened for proprotor support parts (232d ago),1680-01-52259
168203,168203,proprotor,proprotor,disposition_closed,260,Prior disposition closed for similar proprotor condition (260d ago),1680-01-52259
168203,168203,proprotor,proprotor,squadron_discrepancy,276,168203 squadron write-up on proprotor (276d ago),1680-01-52259
168203,168203,proprotor,proprotor,squadron_discrepancy,331,168203 squadron write-up on proprotor (331d ago),1680-01-52259
168204,168204,hydraulics,hydraulics,oa_finding,14,O&A finding during PMI teardown — hydraulics (14d ago),1680-01-82427
168204,168204,hydraulics,hydraulics,parts_requisition,41,Requisition opened for hydraulics support parts (41d ago),1680-01-82427
168204,168204,hydraulics,hydraulics,parts_requisition,335,Requisition opened for hydraulics support parts (335d ago),1680-01-82427
168205,168205,proprotor,proprotor,oa_finding,140,O&A finding during PMI teardown — proprotor (140d ago),1680-01-52440
168205,168205,proprotor,proprotor,disposition_closed,177,Prior disposition closed for similar proprotor condition (177d ago),1680-01-52440
168205,168205,proprotor,proprotor,squadron_discrepancy,201,168205 squadron write-up on proprotor (201d ago),1680-01-52440
168205,168205,proprotor,proprotor,eng_request,372,Engineering request submitted — condition not in tech data (372d ago),1680-01-52440
168205,168205,proprotor,proprotor,pmi_inspection,381,PMI inspection complete on proprotor (381d ago),1680-01-52440
168206,168206,wiring,wiring,oa_finding,80,O&A finding during PMI teardown — wiring (80d ago),1680-01-84697
168206,168206,wiring,wiring,pmi_inspection,178,PMI inspection complete on wiring (178d ago),1680-01-28003
168206,168206,wiring,wiring,awp_stoppage,228,Work stoppage AWP — wiring (228d ago),1680-01-15643
168206,168206,wiring,wiring,squadron_discrepancy,306,168206 squadron write-up on wiring (306d ago),1680-01-56943
168207,168207,proprotor,proprotor,eng_request,71,Engineering request submitted — condition not in tech data (71d ago),1680-01-34889
168207,168207,proprotor,proprotor,parts_requisition,74,Requisition opened for proprotor support parts (74d ago),1680-01-34889
168207,168207,proprotor,proprotor,eng_request,150,Engineering request submitted — condition not in tech data (150d ago),1680-01-34889
168207,168207,proprotor,proprotor,parts_requisition,186,Requisition opened for proprotor support parts (186d ago),1680-01-34889
168207,168207,proprotor,proprotor,parts_requisition,354,Requisition opened for proprotor support parts (354d ago),1680-01-34889
168208,168208,structure,structure,parts_requisition,82,Requisition opened for structure support parts (82d ago),1680-01-99648
168208,168208,structure,structure,squadron_discrepancy,166,168208 squadron write-up on structure (166d ago),1680-01-99648
168208,168208,structure,structure,pmi_inspection,211,PMI inspection complete on structure (211d ago),1680-01-99648
168208,168208,structure,structure,disposition_closed,221,Prior disposition closed for similar structure condition (221d ago),1680-01-99648
168208,168208,structure,structure,parts_requisition,369,Requisition opened for structure support parts (369d ago),1680-01-99648
168208,168208,structure,structure,awp_stoppage,398,Work stoppage AWP — structure (398d ago),1680-01-99648
168209,168209,wiring,wiring,eng_request,47,Engineering request submitted — condition not in tech data (47d ago),1680-01-24514
168209,168209,wiring,wiring,parts_requisition,262,Requisition opened for wiring support parts (262d ago),1680-01-24514
168209,168209,wiring,wiring,pmi_inspection,349,PMI inspection complete on wiring (349d ago),1680-01-24514
168210,168210,corrosion,corrosion,oa_finding,31,O&A finding during PMI teardown — corrosion (31d ago),1680-01-17888
168210,168210,corrosion,corrosion,pmi_inspection,50,PMI inspection complete on corrosion (50d ago),1680-01-17888
168210,168210,corrosion,corrosion,awp_stoppage,307,Work stoppage AWP — corrosion (307d ago),1680-01-17888
168210,168210,corrosion,corrosion,pmi_inspection,333,PMI inspection complete on corrosion (333d ago),1680-01-17888
168210,168210,corrosion,corrosion,awp_stoppage,355,Work stoppage AWP — corrosion (355d ago),1680-01-17888
168210,168210,corrosion,corrosion,parts_requisition,369,Requisition opened for corrosion support parts (369d ago),1680-01-17888
168211,168211,corrosion,corrosion,squadron_discrepancy,69,168211 squadron write-up on corrosion (69d ago),1680-01-81009
168211,168211,corrosion,corrosion,eng_request,240,Engineering request submitted — condition not in tech data (240d ago),1680-01-81009
168211,168211,corrosion,corrosion,parts_requisition,250,Requisition opened for corrosion support parts (250d ago),1680-01-81009
168211,168211,corrosion,corrosion,oa_finding,318,O&A finding during PMI teardown — corrosion (318d ago),1680-01-81009
168211,168211,corrosion,corrosion,squadron_discrepancy,347,168211 squadron write-up on corrosion (347d ago),1680-01-81009
168211,168211,corrosion,corrosion,parts_requisition,368,Requisition opened for corrosion support parts (368d ago),1680-01-81009
168212,168212,avionics,avionics,eng_request,52,Engineering request submitted — condition not in tech data (52d ago),1680-01-51688
168212,168212,avionics,avionics,awp_stoppage,68,Work stoppage AWP — avionics (68d ago),1680-01-51688
168212,168212,avionics,avionics,eng_request,107,Engineering request submitted — condition not in tech data (107d ago),1680-01-51688
168212,168212,avionics,avionics,disposition_closed,114,Prior disposition closed for similar avionics condition (114d ago),1680-01-51688
168212,168212,avionics,avionics,oa_finding,170,O&A finding during PMI teardown — avionics (170d ago),1680-01-51688
168212,168212,avionics,avionics,pmi_inspection,216,PMI inspection complete on avionics (216d ago),1680-01-51688
168212,168212,avionics,avionics,eng_request,329,Engineering request submitted — condition not in tech data (329d ago),1680-01-51688
168213,168213,wiring,wiring,oa_finding,85,O&A finding during PMI teardown — wiring (85d ago),1680-01-47422
168213,168213,wiring,wiring,pmi_inspection,88,PMI inspection complete on wiring (88d ago),1680-01-47422
168213,168213,wiring,wiring,pmi_inspection,154,PMI inspection complete on wiring (154d ago),1680-01-47422
168213,168213,wiring,wiring,oa_finding,317,O&A finding during PMI teardown — wiring (317d ago),1680-01-47422
168213,168213,wiring,wiring,pmi_inspection,340,PMI inspection complete on wiring (340d ago),1680-01-47422
168214,168214,structure,structure,pmi_inspection,61,PMI inspection complete on structure (61d ago),1680-01-99070
168214,168214,structure,structure,awp_stoppage,209,Work stoppage AWP — structure (209d ago),1680-01-99070
168214,168214,structure,structure,pmi_inspection,265,PMI inspection complete on structure (265d ago),1680-01-99070
168214,168214,structure,structure,parts_requisition,281,Requisition opened for structure support parts (281d ago),1680-01-99070
168214,168214,structure,structure,parts_requisition,303,Requisition opened for structure support parts (303d ago),1680-01-99070
168214,168214,structure,structure,parts_requisition,303,Requisition opened for structure support parts (303d ago),1680-01-99070
168214,168214,structure,structure,eng_request,328,Engineering request submitted — condition not in tech data (328d ago),1680-01-99070
168215,168215,wiring,wiring,eng_request,170,Engineering request submitted — condition not in tech data (170d ago),1680-01-70400
168215,168215,wiring,wiring,awp_stoppage,175,Work stoppage AWP — wiring (175d ago),1680-01-70400
168215,168215,wiring,wiring,squadron_discrepancy,183,168215 squadron write-up on wiring (183d ago),1680-01-70400
168215,168215,wiring,wiring,awp_stoppage,256,Work stoppage AWP — wiring (256d ago),1680-01-70400
168216,168216,hydraulics,hydraulics,pmi_inspection,85,PMI inspection complete on hydraulics (85d ago),1680-01-42730
168216,168216,hydraulics,hydraulics,pmi_inspection,268,PMI inspection complete on hydraulics (268d ago),1680-01-42730
168216,168216,hydraulics,hydraulics,disposition_closed,297,Prior disposition closed for similar hydraulics condition (297d ago),1680-01-42730
168216,168216,hydraulics,hydraulics,pmi_inspection,327,PMI inspection complete on hydraulics (327d ago),1680-01-42730
168217,168217,drive_system,drive_system,oa_finding,38,O&A finding during PMI teardown — drive_system (38d ago),1680-01-60875
168217,168217,drive_system,drive_system,oa_finding,213,O&A finding during PMI teardown — drive_system (213d ago),1680-01-13305
168217,168217,drive_system,drive_system,parts_requisition,266,Requisition opened for drive_system support parts (266d ago),1680-01-79412
168218,168218,hydraulics,hydraulics,eng_request,111,Engineering request submitted — condition not in tech data (111d ago),1680-01-51402
168218,168218,hydraulics,hydraulics,disposition_closed,259,Prior disposition closed for similar hydraulics condition (259d ago),1680-01-51402
168218,168218,hydraulics,hydraulics,awp_stoppage,377,Work stoppage AWP — hydraulics (377d ago),1680-01-51402
168219,168219,corrosion,corrosion,parts_requisition,131,Requisition opened for corrosion support parts (131d ago),1680-01-36891
168219,168219,corrosion,corrosion,oa_finding,134,O&A finding during PMI teardown — corrosion (134d ago),1680-01-36891
168219,168219,corrosion,corrosion,squadron_discrepancy,175,168219 squadron write-up on corrosion (175d ago),1680-01-36891
168219,168219,corrosion,corrosion,awp_stoppage,182,Work stoppage AWP — corrosion (182d ago),1680-01-36891
168219,168219,corrosion,corrosion,awp_stoppage,201,Work stoppage AWP — corrosion (201d ago),1680-01-36891
168219,168219,corrosion,corrosion,awp_stoppage,288,Work stoppage AWP — corrosion (288d ago),1680-01-36891
168220,168220,proprotor,proprotor,oa_finding,79,O&A finding during PMI teardown — proprotor (79d ago),1680-01-79480
168220,168220,proprotor,proprotor,disposition_closed,231,Prior disposition closed for similar proprotor condition (231d ago),1680-01-79480
168220,168220,proprotor,proprotor,pmi_inspection,318,PMI inspection complete on proprotor (318d ago),1680-01-79480
168220,168220,proprotor,proprotor,squadron_discrepancy,371,168220 squadron write-up on proprotor (371d ago),1680-01-79480
168221,168221,corrosion,corrosion,disposition_closed,15,Prior disposition closed for similar corrosion condition (15d ago),1680-01-71251
168221,168221,corrosion,corrosion,eng_request,51,Engineering request submitted — condition not in tech data (51d ago),1680-01-28447
168221,168221,corrosion,corrosion,pmi_inspection,73,PMI inspection complete on corrosion (73d ago),1680-01-57871
168221,168221,corrosion,corrosion,oa_finding,250,O&A finding during PMI teardown — corrosion (250d ago),1680-01-81262
168221,168221,corrosion,corrosion,awp_stoppage,378,Work stoppage AWP — corrosion (378d ago),1680-01-69529
168222,168222,avionics,avionics,awp_stoppage,20,Work stoppage AWP — avionics (20d ago),1680-01-97463
168222,168222,avionics,avionics,oa_finding,84,O&A finding during PMI teardown — avionics (84d ago),1680-01-97463
168222,168222,avionics,avionics,disposition_closed,323,Prior disposition closed for similar avionics condition (323d ago),1680-01-97463
168223,168223,structure,structure,parts_requisition,91,Requisition opened for structure support parts (91d ago),1680-01-66869
168223,168223,structure,structure,awp_stoppage,116,Work stoppage AWP — structure (116d ago),1680-01-52526
168223,168223,structure,structure,awp_stoppage,146,Work stoppage AWP — structure (146d ago),1680-01-10445
168223,168223,structure,structure,oa_finding,183,O&A finding during PMI teardown — structure (183d ago),1680-01-56924
168223,168223,structure,structure,parts_requisition,222,Requisition opened for structure support parts (222d ago),1680-01-80800
168223,168223,structure,structure,parts_requisition,299,Requisition opened for structure support parts (299d ago),1680-01-35253
168223,168223,structure,structure,disposition_closed,329,Prior disposition closed for similar structure condition (329d ago),1680-01-12574
168224,168224,hydraulics,hydraulics,eng_request,53,Engineering request submitted — condition not in tech data (53d ago),1680-01-96653
168224,168224,hydraulics,hydraulics,awp_stoppage,280,Work stoppage AWP — hydraulics (280d ago),1680-01-90758
168224,168224,hydraulics,hydraulics,pmi_inspection,294,PMI inspection complete on hydraulics (294d ago),1680-01-90404
168224,168224,hydraulics,hydraulics,awp_stoppage,364,Work stoppage AWP — hydraulics (364d ago),1680-01-53759
168225,168225,hydraulics,hydraulics,pmi_inspection,6,PMI inspection complete on hydraulics (6d ago),1680-01-12237
168225,168225,hydraulics,hydraulics,awp_stoppage,44,Work stoppage AWP — hydraulics (44d ago),1680-01-12237
168225,168225,hydraulics,hydraulics,squadron_discrepancy,73,168225 squadron write-up on hydraulics (73d ago),1680-01-12237
168225,168225,hydraulics,hydraulics,disposition_closed,179,Prior disposition closed for similar hydraulics condition (179d ago),1680-01-12237
168225,168225,hydraulics,hydraulics,parts_requisition,253,Requisition opened for hydraulics support parts (253d ago),1680-01-12237
168225,168225,hydraulics,hydraulics,eng_request,259,Engineering request submitted — condition not in tech data (259d ago),1680-01-12237
168226,168226,wiring,wiring,awp_stoppage,137,Work stoppage AWP — wiring (137d ago),1680-01-82391
168226,168226,wiring,wiring,squadron_discrepancy,273,168226 squadron write-up on wiring (273d ago),1680-01-82391
168226,168226,wiring,wiring,squadron_discrepancy,297,168226 squadron write-up on wiring (297d ago),1680-01-82391
168226,168226,wiring,wiring,squadron_discrepancy,304,168226 squadron write-up on wiring (304d ago),1680-01-82391
168226,168226,wiring,wiring,eng_request,321,Engineering request submitted — condition not in tech data (321d ago),1680-01-82391
168226,168226,wiring,wiring,squadron_discrepancy,372,168226 squadron write-up on wiring (372d ago),1680-01-82391
168226,168226,wiring,wiring,awp_stoppage,384,Work stoppage AWP — wiring (384d ago),1680-01-82391
168227,168227,wiring,wiring,awp_stoppage,7,Work stoppage AWP — wiring (7d ago),1680-01-83060
168227,168227,wiring,wiring,eng_request,78,Engineering request submitted — condition not in tech data (78d ago),1680-01-29103
168227,168227,wiring,wiring,pmi_inspection,136,PMI inspection complete on wiring (136d ago),1680-01-51448
168227,168227,wiring,wiring,oa_finding,159,O&A finding during PMI teardown — wiring (159d ago),1680-01-75089
168227,168227,wiring,wiring,parts_requisition,300,Requisition opened for wiring support parts (300d ago),1680-01-90946
168227,168227,wiring,wiring,pmi_inspection,371,PMI inspection complete on wiring (371d ago),1680-01-88381
168227,168227,wiring,wiring,parts_requisition,393,Requisition opened for wiring support parts (393d ago),1680-01-79636
168228,168228,structure,structure,parts_requisition,11,Requisition opened for structure support parts (11d ago),1680-01-77032
168228,168228,structure,structure,pmi_inspection,44,PMI inspection complete on structure (44d ago),1680-01-75114
168228,168228,structure,structure,pmi_inspection,141,PMI inspection complete on structure (141d ago),1680-01-96828
168228,168228,structure,structure,squadron_discrepancy,216,168228 squadron write-up on structure (216d ago),1680-01-76261
168228,168228,structure,structure,pmi_inspection,279,PMI inspection complete on structure (279d ago),1680-01-74663
168228,168228,structure,structure,disposition_closed,285,Prior disposition closed for similar structure condition (285d ago),1680-01-47791
168229,168229,proprotor,proprotor,oa_finding,31,O&A finding during PMI teardown — proprotor (31d ago),1680-01-27306
168229,168229,proprotor,proprotor,disposition_closed,59,Prior disposition closed for similar proprotor condition (59d ago),1680-01-27306
168229,168229,proprotor,proprotor,pmi_inspection,280,PMI inspection complete on proprotor (280d ago),1680-01-27306
168229,168229,proprotor,proprotor,awp_stoppage,388,Work stoppage AWP — proprotor (388d ago),1680-01-27306
168230,168230,hydraulics,hydraulics,pmi_inspection,124,PMI inspection complete on hydraulics (124d ago),1680-01-11903
168230,168230,hydraulics,hydraulics,parts_requisition,130,Requisition opened for hydraulics support parts (130d ago),1680-01-11903
168230,168230,hydraulics,hydraulics,oa_finding,161,O&A finding during PMI teardown — hydraulics (161d ago),1680-01-11903
168230,168230,hydraulics,hydraulics,pmi_inspection,239,PMI inspection complete on hydraulics (239d ago),1680-01-11903
168230,168230,hydraulics,hydraulics,squadron_discrepancy,271,168230 squadron write-up on hydraulics (271d ago),1680-01-11903
168230,168230,hydraulics,hydraulics,pmi_inspection,287,PMI inspection complete on hydraulics (287d ago),1680-01-11903
168230,168230,hydraulics,hydraulics,awp_stoppage,320,Work stoppage AWP — hydraulics (320d ago),1680-01-11903
168231,168231,wiring,wiring,parts_requisition,46,Requisition opened for wiring support parts (46d ago),1680-01-88749
168231,168231,wiring,wiring,pmi_inspection,101,PMI inspection complete on wiring (101d ago),1680-01-88749
168231,168231,wiring,wiring,squadron_discrepancy,149,168231 squadron write-up on wiring (149d ago),1680-01-88749
168231,168231,wiring,wiring,eng_request,155,Engineering request submitted — condition not in tech data (155d ago),1680-01-88749
168231,168231,wiring,wiring,eng_request,285,Engineering request submitted — condition not in tech data (285d ago),1680-01-88749
168231,168231,wiring,wiring,eng_request,325,Engineering request submitted — condition not in tech data (325d ago),1680-01-88749
168232,168232,hydraulics,hydraulics,awp_stoppage,66,Work stoppage AWP — hydraulics (66d ago),1680-01-55621
168232,168232,hydraulics,hydraulics,squadron_discrepancy,72,168232 squadron write-up on hydraulics (72d ago),1680-01-39765
168232,168232,hydraulics,hydraulics,disposition_closed,266,Prior disposition closed for similar hydraulics condition (266d ago),1680-01-11367
168232,168232,hydraulics,hydraulics,awp_stoppage,380,Work stoppage AWP — hydraulics (380d ago),1680-01-84387
168233,168233,corrosion,corrosion,oa_finding,4,O&A finding during PMI teardown — corrosion (4d ago),1680-01-25119
168233,168233,corrosion,corrosion,parts_requisition,54,Requisition opened for corrosion support parts (54d ago),1680-01-19375
168233,168233,corrosion,corrosion,oa_finding,92,O&A finding during PMI teardown — corrosion (92d ago),1680-01-34520
168233,168233,corrosion,corrosion,parts_requisition,192,Requisition opened for corrosion support parts (192d ago),1680-01-73014
168233,168233,corrosion,corrosion,squadron_discrepancy,215,168233 squadron write-up on corrosion (215d ago),1680-01-65845
168233,168233,corrosion,corrosion,oa_finding,248,O&A finding during PMI teardown — corrosion (248d ago),1680-01-79230
168234,168234,avionics,avionics,awp_stoppage,28,Work stoppage AWP — avionics (28d ago),1680-01-56279
168234,168234,avionics,avionics,squadron_discrepancy,48,168234 squadron write-up on avionics (48d ago),1680-01-56279
168234,168234,avionics,avionics,disposition_closed,104,Prior disposition closed for similar avionics condition (104d ago),1680-01-56279
168234,168234,avionics,avionics,squadron_discrepancy,283,168234 squadron write-up on avionics (283d ago),1680-01-56279
168235,168235,proprotor,proprotor,awp_stoppage,34,Work stoppage AWP — proprotor (34d ago),1680-01-64375
168235,168235,proprotor,proprotor,eng_request,168,Engineering request submitted — condition not in tech data (168d ago),1680-01-64375
168235,168235,proprotor,proprotor,pmi_inspection,227,PMI inspection complete on proprotor (227d ago),1680-01-64375
168235,168235,proprotor,proprotor,eng_request,395,Engineering request submitted — condition not in tech data (395d ago),1680-01-64375
168236,168236,structure,structure,parts_requisition,160,Requisition opened for structure support parts (160d ago),1680-01-92470
168236,168236,structure,structure,eng_request,242,Engineering request submitted — condition not in tech data (242d ago),1680-01-92470
168236,168236,structure,structure,pmi_inspection,379,PMI inspection complete on structure (379d ago),1680-01-92470
168237,168237,proprotor,proprotor,parts_requisition,7,Requisition opened for proprotor support parts (7d ago),1680-01-35933
168237,168237,proprotor,proprotor,awp_stoppage,66,Work stoppage AWP — proprotor (66d ago),1680-01-35933
168237,168237,proprotor,proprotor,pmi_inspection,148,PMI inspection complete on proprotor (148d ago),1680-01-35933
168237,168237,proprotor,proprotor,oa_finding,206,O&A finding during PMI teardown — proprotor (206d ago),1680-01-35933
168237,168237,proprotor,proprotor,oa_finding,218,O&A finding during PMI teardown — proprotor (218d ago),1680-01-35933
168237,168237,proprotor,proprotor,squadron_discrepancy,294,168237 squadron write-up on proprotor (294d ago),1680-01-35933
168237,168237,proprotor,proprotor,oa_finding,399,O&A finding during PMI teardown — proprotor (399d ago),1680-01-35933
168238,168238,hydraulics,hydraulics,squadron_discrepancy,54,168238 squadron write-up on hydraulics (54d ago),1680-01-94233
168238,168238,hydraulics,hydraulics,eng_request,259,Engineering request submitted — condition not in tech data (259d ago),1680-01-94233
168238,168238,hydraulics,hydraulics,oa_finding,336,O&A finding during PMI teardown — hydraulics (336d ago),1680-01-94233
168239,168239,wiring,wiring,disposition_closed,53,Prior disposition closed for similar wiring condition (53d ago),1680-01-63106
168239,168239,wiring,wiring,squadron_discrepancy,58,168239 squadron write-up on wiring (58d ago),1680-01-63106
168239,168239,wiring,wiring,eng_request,335,Engineering request submitted — condition not in tech data (335d ago),1680-01-63106
168239,168239,wiring,wiring,pmi_inspection,365,PMI inspection complete on wiring (365d ago),1680-01-63106
168239,168239,wiring,wiring,oa_finding,396,O&A finding during PMI teardown — wiring (396d ago),1680-01-63106
168240,168240,hydraulics,hydraulics,squadron_discrepancy,155,168240 squadron write-up on hydraulics (155d ago),1680-01-54293
168240,168240,hydraulics,hydraulics,disposition_closed,160,Prior disposition closed for similar hydraulics condition (160d ago),1680-01-54293
168240,168240,hydraulics,hydraulics,parts_requisition,249,Requisition opened for hydraulics support parts (249d ago),1680-01-54293
168240,168240,hydraulics,hydraulics,disposition_closed,251,Prior disposition closed for similar hydraulics condition (251d ago),1680-01-54293
168240,168240,hydraulics,hydraulics,squadron_discrepancy,289,168240 squadron write-up on hydraulics (289d ago),1680-01-54293
168240,168240,hydraulics,hydraulics,awp_stoppage,393,Work stoppage AWP — hydraulics (393d ago),1680-01-54293
168241,168241,structure,structure,pmi_inspection,64,PMI inspection complete on structure (64d ago),1680-01-28743
168241,168241,structure,structure,oa_finding,143,O&A finding during PMI teardown — structure (143d ago),1680-01-28743
168241,168241,structure,structure,oa_finding,335,O&A finding during PMI teardown — structure (335d ago),1680-01-28743
168241,168241,structure,structure,squadron_discrepancy,346,168241 squadron write-up on structure (346d ago),1680-01-28743
168242,168242,avionics,avionics,awp_stoppage,37,Work stoppage AWP — avionics (37d ago),1680-01-17763
168242,168242,avionics,avionics,awp_stoppage,260,Work stoppage AWP — avionics (260d ago),1680-01-17763
168242,168242,avionics,avionics,oa_finding,311,O&A finding during PMI teardown — avionics (311d ago),1680-01-17763
168242,168242,avionics,avionics,awp_stoppage,338,Work stoppage AWP — avionics (338d ago),1680-01-17763
168243,168243,wiring,wiring,parts_requisition,51,Requisition opened for wiring support parts (51d ago),1680-01-68671
168243,168243,wiring,wiring,awp_stoppage,89,Work stoppage AWP — wiring (89d ago),1680-01-68671
168243,168243,wiring,wiring,pmi_inspection,152,PMI inspection complete on wiring (152d ago),1680-01-68671
168243,168243,wiring,wiring,awp_stoppage,281,Work stoppage AWP — wiring (281d ago),1680-01-68671
168243,168243,wiring,wiring,eng_request,301,Engineering request submitted — condition not in tech data (301d ago),1680-01-68671
168243,168243,wiring,wiring,eng_request,356,Engineering request submitted — condition not in tech data (356d ago),1680-01-68671
168244,168244,proprotor,proprotor,pmi_inspection,277,PMI inspection complete on proprotor (277d ago),1680-01-59005
168244,168244,proprotor,proprotor,oa_finding,393,O&A finding during PMI teardown — proprotor (393d ago),1680-01-59005
168244,168244,proprotor,proprotor,pmi_inspection,396,PMI inspection complete on proprotor (396d ago),1680-01-59005
168245,168245,wiring,wiring,parts_requisition,53,Requisition opened for wiring support parts (53d ago),1680-01-80315
168245,168245,wiring,wiring,pmi_inspection,136,PMI inspection complete on wiring (136d ago),1680-01-80315
168245,168245,wiring,wiring,pmi_inspection,358,PMI inspection complete on wiring (358d ago),1680-01-80315
168245,168245,wiring,wiring,oa_finding,361,O&A finding during PMI teardown — wiring (361d ago),1680-01-80315
168246,168246,structure,structure,disposition_closed,295,Prior disposition closed for similar structure condition (295d ago),1680-01-90732
168246,168246,structure,structure,disposition_closed,300,Prior disposition closed for similar structure condition (300d ago),1680-01-90732
168246,168246,structure,structure,parts_requisition,349,Requisition opened for structure support parts (349d ago),1680-01-90732
168247,168247,corrosion,corrosion,pmi_inspection,146,PMI inspection complete on corrosion (146d ago),1680-01-10492
168247,168247,corrosion,corrosion,awp_stoppage,169,Work stoppage AWP — corrosion (169d ago),1680-01-10492
168247,168247,corrosion,corrosion,awp_stoppage,256,Work stoppage AWP — corrosion (256d ago),1680-01-10492
168247,168247,corrosion,corrosion,awp_stoppage,260,Work stoppage AWP — corrosion (260d ago),1680-01-10492
168247,168247,corrosion,corrosion,parts_requisition,315,Requisition opened for corrosion support parts (315d ago),1680-01-10492
168247,168247,corrosion,corrosion,disposition_closed,360,Prior disposition closed for similar corrosion condition (360d ago),1680-01-10492
168247,168247,corrosion,corrosion,pmi_inspection,382,PMI inspection complete on corrosion (382d ago),1680-01-10492
